{"cameraMode":{"drawMode":0,"name":"Shaded","section":"Shading Mode"},"sceneLighting":false,"audioPlay":false,"sceneViewState":{"m_AlwaysRefresh":false,"showFog":true,"showSkybox":true,"showFlares":true,"showImageEffects":true,"showParticleSystems":true,"showVisualEffectGraphs":true,"m_FxEnabled":true},"in2DMode":false,"pivot":{"x":0.11992517113685608,"y":-2.6161293983459474,"z":10.396602630615235},"rotation":{"x":-0.10958855599164963,"y":0.0005932925269007683,"z":-0.00006584998482139781,"w":-0.99397212266922},"size":9.843340873718262,"orthographic":false}